,Force,particle_radius
0,0.00013042347176769257,10.0
1,0.0005627926731272353,20.0
2,0.0013159534353386067,30.0
3,0.002394553832731836,40.0
4,0.0038002959647244353,50.0
