,Force,particle_radius
0,0.00010892069262658157,10.0
1,0.0005274483073618954,20.0
2,0.0012728570754825547,30.0
3,0.0023466659415412815,40.0
4,0.003749260483473005,50.0
