,Force,particle_radius
0,-0.002215055706835931,10.0
1,-0.017772728358509227,20.0
2,-0.05364046589300174,30.0
3,-0.11226222134656474,40.0
4,-0.19464304569185262,50.0
