,Force,particle_radius
0,-0.006178317657021272,10.0
1,-0.03843793465655797,20.0
2,-0.11123069594015764,30.0
3,-0.23399834090055593,40.0
4,-0.4116771260240484,50.0
